{"cameraMode":{"drawMode":0,"name":"Shaded","section":"Shading Mode"},"sceneLighting":true,"audioPlay":false,"sceneViewState":{"showFog":true,"showMaterialUpdate":false,"showSkybox":true,"showFlares":true,"showImageEffects":true,"showParticleSystems":true},"in2DMode":false,"pivot":{"x":1.0262032747268677,"y":-1.9058632850646973,"z":18.694719314575197},"rotation":{"x":-0.0059931352734565739,"y":0.011146658100187779,"z":-0.00017904666310641915,"w":1.0000466108322144},"size":10.792608261108399,"orthographic":false}